,0,1
0,show,599
1,late,593
2,night,400
3,tonight,208
4,starring,208
5,jimmy,208
6,kimmel,207
7,james,202
8,power,198
9,seth,194
10,club,193
11,1051,193
12,stephen,189
13,radio,174
14,bros,168
15,pictures,144
16,official,139
17,century,138
18,japan,120
19,youtube,111
20,live,108
21,music,105
22,dolla,97
23,movie,80
24,happens,76
25,andy,76
26,morning,75
27,hope,72
28,song,70
29,big,69
30,white,67
31,ultimate,66
32,fighting,66
33,wars,64
34,paul,61
35,j,57
36,lip,53
37,graham,49
38,norton,49
39,1,48
40,ブラザース,47
41,sync,47
42,hollywood,46
43,frontal,45
44,samantha,45
45,time,45
46,daily,44
47,beckers,44
48,la,40
49,american,40
50,seven,39
51,bill,38
52,bike,35
53,korean,35
54,x,33
55,unintentional,33
56,trailers,33
57,funny,32
58,virgin,32
59,second,32
60,entertainmentbutch,31
61,news,30
62,livethe,30
63,vancouver,30
64,tv,29
65,grand,29
66,new,28
67,york,28
68,wit,28
69,da,28
70,rogan,28
71,fan,28
72,mountain,26
73,namco,26
74,entertainment,26
75,펜타곤,26
76,red,25
77,cook,25
78,wrestling,24
79,dawg,24
80,chick,24
81,called,24
82,liberty,24
83,dishonoured,23
84,league,23
85,jenner영국남자,23
86,vetcharlie,23
87,football,22
88,elise,22
89,like,22
90,simpsons,22
91,sheeranmason,22
92,trailer,21
93,van,21
94,ukvideogamedunkeypentagon,21
95,shinodaliverpool,21
96,kpop1thek,21
97,love,20
98,fm,20
99,w,20
100,channelワーナー,20
101,smithdisney,20
102,spiderjoyner,20
103,entertainmentgunsnrosesvevohelpful,20
104,puthmnet,20
105,jeremy,19
106,corbyn,19
107,picturesthe,19
108,newsthe,19
109,parker,19
110,space,19
111,featureskelly,19
112,106,18
113,los,18
114,entertainmentthe,18
115,moore,18
116,amazing,18
117,star,18
118,cowherd,18
119,energy,18
120,hate,18
121,reporteraunty,18
122,xdgordon,18
123,murphysony,18
124,videomartin,18
125,starslogan,18
126,state,18
127,newsed,18
128,cake,17
129,wilfrids,17
130,catholic,17
131,2x,17
132,vlogswarner,17
133,covet,17
134,picturesmarvel,17
135,mancusoflo,17
136,ridagreat,17
137,seconds,17
138,entertainmentcobra,17
139,north,17
140,contestthe,17
141,noise,17
142,shinodabad,17
143,anna,16
144,uzi,16
145,vision,16
146,found,16
147,interesting,16
148,starts,16
149,midnight,16
150,b,16
151,universemovieaccesstrailersjames,16
152,americateaser,16
153,feastalex,16
154,kaimaulermarvel,16
155,pebblesestée,15
156,santo,15
157,bucketheadthe,15
158,sports,15
159,entertainmentbhad,15
160,hartmanbbc,15
161,malonemontrealitydesimpedidosникита,15
162,tvshawn,15
163,kpoprapid,15
164,audience,15
165,millzero,15
166,editionozunaellamaivevomiguelvevofirst,15
167,ramseyinside,15
168,games,15
169,city,14
170,cordenthe,14
171,infographics,14
172,kitty,14
173,film,14
174,tvshowbiz,14
175,hot,14
176,young,14
177,brothers,14
178,keeper,14
179,vegas,14
180,streetdesi,14
181,promosfberob,14
182,maherhobbie,14
183,appétitmy,14
184,donnanikkietutorialsatlantic,14
185,recordsbon,14
186,officialwarner,14
187,ellistheoffcamerashowjandora,14
188,stuckmannbill,14
189,magazinekylie,14
190,charleslate,14
191,discojhené,14
192,storyiggyazaleamusicvevohamilton,14
193,clarksonatlantic,14
194,kaiajrbest,14
195,wants,14
196,nightmaresjacob,14
197,원더케이star,14
198,oracole,14
199,johnson,13
200,factor,13
201,uslily,13
202,king,13
203,real,13
204,senatejodys,13
205,culture,13
206,4,13
207,wurtzmovieclips,13
208,man,13
209,kpopsblii,13
210,guardian,13
211,huangten,13
212,robinsonpost,13
213,picturescncovevotv,13
214,scurekwolfe,13
215,clarksonrita,13
216,wuone,13
217,wireeurovision,13
218,suck,12
219,lost,12
220,great,12
221,british,12
222,okay,12
223,air,12
224,ryan,12
225,tommy,12
226,edison,12
227,trailersthe,12
228,gravity,12
229,promos,12
230,colbertthe,12
231,school,12
232,foxthe,12
233,ramentedx,12
234,teamsbs,12
235,world,12
236,hop,12
237,n,12
238,budden,12
239,williamsthe,12
240,labo,12
241,open,12
242,commercialsalessogreat,12
243,1xtra20th,12
244,storytyler,12
245,kaiblondedcjenmmusic,12
246,madrid,12
247,warsprimitive,12
248,mediasaturday,12
249,ignwill,12
250,trailerzero,12
251,grandejanelle,12
252,spotlight,12
253,foxscreen,12
254,bhabiecobra,12
255,soccerkris,12
256,discomike,12
257,nightmaresty,12
258,mythical,11
259,see,11
260,good,11
261,koshy,11
262,appétitthe,11
263,λ,11
264,z,11
265,ξ,11
266,rjake,11
267,morningmegan,11
268,cordenbbc,11
269,schooljohn,11
270,timesanadskfueled,11
271,talksfilmselect,11
272,eyed,11
273,uk,11
274,blaze,11
275,vs,11
276,mtn,11
277,dew,11
278,shadow,11
279,choplastweektonightpoppygaptyler,11
280,thovexa,11
281,loanssaturday,11
282,adamsblackpinkverne,11
283,shinodaikoncole,11
284,picturesglamour,11
285,1lisa,11
286,universemovieaccesstrailerslaura,11
287,henrycole,11
288,picturestv,11
289,mendesmarilynmansonvevoshinnoxlol,11
290,characterssuperduperkylepanic,11
291,networkhardwellfueled,11
292,claudiotlc,11
293,reviewsadult,11
294,swimwiredrudy,11
295,foxlindsay,11
296,colbertwarner,11
297,ellissugarlandvevojohn,11
298,velourdancing,11
299,clarksonmovie,11
300,pagescreen,11
301,dutyparamount,11
302,picturesmovie,11
303,skiesmatthuntervevolionsgate,11
304,sourcethe,11
305,bennett,11
306,lyrical,11
307,television,10
308,fu,10
309,wow,10
310,deal,10
311,moonthe,10
312,tvthe,10
313,97fundamental,10
314,warssaturday,10
315,lucasbreakfast,10
316,laytonfighthypecomdesus,10
317,fallonhybrid,10
318,morningempirepeter,10
319,trailerselenagomezvevodaniel,10
320,adventures,10
321,poskitt,10
322,nogginwill,10
323,tonightuniversal,10
324,tourladbaby,10
325,stuartiggyazaleamusicvevolindsay,10
326,channelwar,10
327,livejanelle,10
328,kpopwilliam,10
329,malonedesimpedidosникита,10
330,hartmanfiftyshadesvevokendricklamarvevo20th,10
331,appétithistorymy,10
332,lucaslucas,10
333,helbigufc,10
334,williamsbreakfast,10
335,buurenhardwelllol,10
336,guideraesremmurdvevotaylorswiftvevomnet,10
337,contestjypentertainmentstartalkthereportoftheweekangryjoeshowclairomtv,10
338,mediascreen,10
339,fclouisajohnsonvevodiplo5sosvevoroyceda59vevobhad,10
340,channelexid_officialplaynskillzvevotinasheofficialvevoarchitectural,10
341,digesttyler,10
342,nes,10
343,gfriend,10
344,arbourbbcmbcentertainmentjusticekelly,10
345,smithmonét,10
346,promosrussell,10
347,livekim,10
348,recordsamerican,10
349,green,9
350,céline,9
351,futbolo,9
352,rinktinės,9
353,pebblesthe,9
354,scran,9
355,dont,9
356,black,9
357,recordslil,9
358,cam,9
359,owners,9
360,spotlightteam,9
361,reportertaylor,9
362,cornerdash,9
363,campealooperpbs,9
364,productionsdimitri,9
365,fmthe,9
366,en,9
367,peter,9
368,mediaprime,9
369,carpetengineerguylucas,9
370,birchmike,9
371,warsentertainment,9
372,ridarudy,9
373,descendantsseanpaulvevodisneypixarsofia,9
374,monáe5sosvevowarner,9
375,bennettporter,9
376,grouptheneighbourhoodvevoiisuperwomaniishinedownjudaspriestvevowill,9
377,henryporter,9
378,beanjhené,9
379,smithqueen,9
380,naijahboladygagavevosamsmithworldvevolil,9
381,bhabiejamesbayvevotroublevevothe,9
382,ramenkygoofficialvevohermusicvevograndsonvevocobra,9
383,summer1thek,9
384,bhabiejamesbayvevotroublevevostarshiptvthe,9
385,mancusoblumhouse,9
386,weekndchainsmokersvevosabrina,9
387,fmflow,9
388,músicamtv,9
389,grandetbstwice,9
390,christina,9
391,monáetbstwice,9
392,channelpopbuzzarianagrandevevojcolevevomgkvevobeckygvevobbc,9
393,brandcall,9
394,angie,9
395,martinez,9
396,changelate,9
397,vlogsabc,9
398,gallagherchristine,9
399,mayerliam,9
400,bmarshmellola,9
401,soundmy,9
402,opposition,9
403,jordan,9
404,rojachannel,9
405,awesomefull,9
406,earth,8
407,lorde_fix,8
408,recordsthe,8
409,97camila,8
410,hayesthe,8
411,junkiesthe,8
412,road,8
413,make,8
414,fallonthe,8
415,mowrys,8
416,quick,8
417,rokanisjackwhitevevotanya,8
418,daytimeempire20th,8
419,cathroim,8
420,magnusroy,8
421,1latest,8
422,whitlockthe,8
423,networkmovieclips,8
424,televisionmacklemore,8
425,carpet,8
426,rugby,8
427,newskway,8
428,tvprimitive,8
429,town,8
430,paultlc,8
431,donnanikkietutorialsbon,8
432,entertainmentkylie,8
433,vittar특이한동물채널great,8
434,catwendy,8
435,smithtastysimons,8
436,centraldisney,8
437,reyesabdirectorbad,8
438,jbnikemigosvevopina,8
439,cfasian,8
440,bossdouble,8
441,deforcemarvel,8
442,fmtwitch,8
443,cohenborussia,8
444,musicptxofficialballislifedjsnakevevojanelle,8
445,officialtrixie,8
446,hancherpinkvevomeghantrainorvevorudy,8
447,bennettポケモン公式youtubeチャンネルec,8
448,livecharlie,8
449,enginelambofgodvevoshoshana,8
450,songsandrew,8
451,huangikonlucas,8
452,slow,8
453,mo,8
454,mancusoadult,8
455,brightnerdvevowalegameanimecharlie,8
456,fmjason,8
457,junkiesteam,8
458,weekndchainsmokersvevotlc,8
459,mediameek,8
460,smithladygagavevosamsmithworldvevosabrinacarpentervevolil,8
461,americajypentertainmentteaser,8
462,creatorgracevanderwaalvevoqueen,8
463,naijaty,8
464,derulobreakingbenjaminvevoflow,8
465,prodrakevevoanimalwisedarchitectural,8
466,newsabc,8
467,newsghostamerican,8
468,entertainmenttrlgqjypentertainmentgood,8
469,monáefirst,8
470,kaibhad,8
471,americalate,8
472,pagethe,8
473,moviestroyesivanvevobhad,8
474,bhabiesony,8
475,paakalex,8
476,moviestroyesivanvevosony,8
477,delray,8
478,builderdisney,8
479,beejeremy,8
480,writesonic,8
481,angelesnerdwriter1lol,8
482,idolkris,8
483,colejoe,8
484,clarksoncole,8
485,mobile,7
486,meyersthe,7
487,croucherinside,7
488,vergethe,7
489,autonomous,7
490,mediamtv,7
491,stuckmannyou,7
492,cabellothe,7
493,recordsgood,7
494,surrey,7
495,robertson,7
496,game,7
497,history,7
498,americaplayerunknowns,7
499,battlegroundswashington,7
500,dk4ljames,7
501,paulnikocado,7
502,marpthe,7
503,postbbc,7
504,cocofortnitetop,7
505,sheetspacexjimmy,7
506,deforceubisoft,7
507,gang1thek,7
508,eagleubisoft,7
509,xthe,7
510,seriestmzsportsnoah,7
511,lalondeflumeausmonsta,7
512,antwilerxqcowet,7
513,artistjeremy,7
514,horowitzjypentertainmentelectric,7
515,earthkbs,7
516,tvwalk,7
517,maynardpledis,7
518,pilgrimjulius,7
519,trump,7
520,andersonmovieclips,7
521,trailerspatricia,7
522,bennettbreakfast,7
523,fourdina,7
524,brightnintendo,7
525,eldridgethe,7
526,teeththe,7
527,kleincandide,7
528,f,7
529,voicei,7
530,stuartlindsay,7
531,brother,7
532,chrislindsay,7
533,whitehallstar,7
534,lessonsmigosvevoone,7
535,smithtastythe,7
536,videommschocolatejayparkofficialthe,7
537,wiretv,7
538,ferristidemnet,7
539,entertainmentglamour,7
540,bunnyash,7
541,henrypost,7
542,recordsnerdistmaroon5vevowiredmikey,7
543,noggintastythe,7
544,championshipcjenmmusic,7
545,officialthemeankittykristen,7
546,highlightsdrakevevojamesbayvevodisney,7
547,derulohector,7
548,huangnpcarlssonten,7
549,petersonmtv,7
550,h,7
551,monáewarner,7
552,ордынскийeleven,7
553,ramencobra,7
554,kaishawn,7
555,momentsgeazymusicvevobravoellewarner,7
556,charlesjbalvinvevobest,7
557,asmrcosmopolitancomcole,7
558,nicholsonthe,7
559,creatorwill,7
560,recordsazaynvh1seventeenpatricia,7
561,productionsibighit20th,7
562,voicestarshiptvhowtobasicmarshmelloelrubiusomgpostmalonevevojessemccartneyvevoupdate,7
563,officialwendy,7
564,apple,7
565,aikolambofgodvevomigosvevofocus,7
566,원더케이saturday,7
567,trailerstop,7
568,entertainmentsiriusxm5,7
569,livejohn,7
570,entertainmentj,7
571,minaj1thek,7
572,channelentertainment,7
573,meyershouse,7
574,coleshawnmendesvevowarner,7
575,trailersnicki,7
576,britaingoogle,7
577,garrixnbc,7
578,clipswho,7
579,trailersnardwuarserviettenicki,7
580,arbourbbcjenny,7
581,idolmizumiwill,7
582,1chainsmokersvevosugarlandvevowolfe,7
583,nicholsonmbcentertainmentjusticekelly,7
584,skieslionsgate,7
585,meyersjohn,7
586,showshawn,7
587,mendesjenny,7
588,livefresh,7
589,life,7
590,sartoriusty,7
591,mdthe,7
592,sportaaronsanimalsanderson,7
593,channelblackeyedpeasvevogeazymusicvevobackstreetboysvevotv,7
594,reportgattubazzihouse,7
595,madridnicole,7
596,newsstone,7
597,smithjenniferlopezvevomonét,7
598,sartoriusannemarienintendo,7
599,trailersygvevorapstarnickyjamtvjaden,7
600,paakblackeyedpeasvevogeazymusicvevobackstreetboysvevotv,7
601,drag,7
602,brownchannel90seconds,6
603,macleanbbc,6
604,skillsabroad,6
605,japanlife,6
606,trailerssaturday,6
607,evanssimply,6
608,fallonstar,6
609,laytonamelia,6
610,newsjust,6
611,midlands,6
612,fletchercbs,6
613,2inch,6
614,ukmesa,6
615,live20th,6
616,productionssteve,6
617,jahnsthe,6
618,vlogslily,6
619,meyersjimmy,6
620,housethe,6
621,maloneguy,6
622,burrben,6
623,recordslouistomlinsonvevoyoutube,6
624,donscole,6
625,picturesmacklemore,6
626,voicepewdiepiest,6
627,trailersbobby,6
628,wolfhazel,6
629,hayeslevelcapgamingeleven,6
630,discovanity,6
631,fairlord,6
632,picturespanic,6
633,foxuhhuhhimtyrone,6
634,disappointmentorion,6
635,burnskevin,6
636,dodogeazymusicvevoami,6
637,theoryeleven,6
638,musicvoxis,6
639,productionsh3h3productionskickthepjslashfilmgreen,6
640,genevieveus,6
641,sufc,6
642,fairpanic,6
643,voicest,6
644,caesarbbc,6
645,championshipproximityconor,6
646,llcjbalvinvevovh1universal,6
647,musicrevolt,6
648,colbertjimmy,6
649,nationcamila,6
650,shownikkietutorialscinemasinsred,6
651,clil,6
652,waynered,6
653,brightpitchforkpewdiepiekatyperryvevogood,6
654,luna,6
655,cdesus,6
656,moretitus,6
657,andronicussam,6
658,deforceeuronews,6
659,batista,6
660,de,6
661,filmsjim,6
662,mcgreevynew,6
663,creatorcandide,6
664,beethe,6
665,1rogue,6
666,tokiocbs,6
667,technologylip,6
668,butlerhelen,6
669,andersonbrancepethbobkill,6
670,hippiesthe,6
671,victorydav,6
672,czechcow,6
673,daygoldindieanniejonestyler,6
674,picturestanya,6
675,newsrooster,6
676,waynenewsflarecow,6
677,alberttheodd1soutgq494taandrew,6
678,wireespntv,6
679,perkinsjandora,6
680,mediagaming,6
681,memescat,6
682,deforcee,6
683,defrancocat,6
684,cordenmy,6
685,vittargreat,6
686,jbthe,6
687,sacconemgmtvevostar,6
688,perkinsgaming,6
689,englishmankylie,6
690,fit,6
691,officiallucas,6
692,swiftsony,6
693,magazinemark,6
694,theecobra,6
695,gifbazziaboogie,6
696,hoodieozunavoguethe,6
697,singemnet,6
698,mediamelendioficialvevobleecker,6
699,streetkylieminogueonvevocharlie,6
700,highlightsignsimon,6
701,jbnikenerdistpina,6
702,ronnenberghobbie,6
703,macleanmovieclips,6
704,thatbest,6
705,hardelllauvchris,6
706,monáecnnmarcus,6
707,ronnenbergreal,6
708,foxyandelvevospacexatlantic,6
709,whitesophie,6
710,recordslife,6
711,spidernumberphilegrace,6
712,cabelloポケモン公式youtubeチャンネルec,6
713,cordentanya,6
714,bunnydemilovatovevoremymavevolauvash,6
715,trailersimaxsiriusxmbeachhousevideozonerickrossvevoredlettermediaproximityblocboy,6
716,kitchenstingvevomgmtvevouniversal,6
717,entertainmentibighitandrew,6
718,公式チャンネルhypebeastermlg,6
719,songsikonchrisjedayvevojoyner,6
720,wurtzimaxsiriusxmcaseyneistatbeachhousevideozonerickrossvevonickelodeonparamount,6
721,newsbeats,6
722,hardelllauvremymavevobill,6
723,cordenwarner,6
724,technologyappleworldstarhiphopthe,6
725,songsikonchrisjedayvevolucas,6
726,colberte,6
727,trailersprimitive,6
728,houndnetflixmamamoohot,6
729,meyersjbalvinvevobest,6
730,guidecole,6
731,internationaljordan,6
732,97sadevevocalpurniaibighitnpcarlssonandrew,6
733,songsikonlucas,6
734,networkwatch,6
735,lucascomplexxxxtentacion21savagevevonickyjamtvcarrieunderwoodvevogeorgeezravevokristen,6
736,eldridgeadelainemorinsways,6
737,characterspanic,6
738,97mamamoosadevevocalpurniaibighitnpcarlssonten,6
739,musicalbbc,6
740,fmtyler,6
741,millcjenmmusic,6
742,swimblumhouse,6
743,mediarudy,6
744,creatorszavevoty,6
745,durksabrinacarpentervevokylieminogueonvevo2chainzvevomike,6
746,voicehowtobasicmarshmelloelrubiusomgpostmalonevevojessemccartneyvevoupdate,6
747,videojimmy,6
748,productionsibighiteminemvevofuturevevoflatbushzombies,6
749,tvwinnerthe,6
750,moviesmtownignoramuskymnet,6
751,thugzaynvevonickiminajatvevoflorencemachinevevomalumavevolyricsminajstudioa24djsnakevevobreakfast,6
752,musicwolfe,6
753,colewarner,6
754,trailersignarcticmonkeysvevoquinton,6
755,newsone,6
756,idoleliseed,6
757,derulobreakfast,6
758,97ariana,6
759,swimrudy,6
760,puthjimmy,6
761,underwoodnardwuarserviettemovieclips,6
762,storiessony,6
763,skiestroyesivanvevogood,6
764,ramseyszavevoinside,6
765,fmamerican,6
766,junkies20th,6
767,britainsony,6
768,officialjenny,6
769,vetyourmoviesucksdotorgcharlie,6
770,sourcerita,6
771,músicaabc,6
772,podcastrichthekidvevopeeweetomsariana,6
773,fallon20th,6
774,oakleyjaden,6
775,gallagherpanic,6
776,penitentiaryfc,6
777,ignenriqueiglesiasvevoannemarienintendo,6
778,readinggus,6
779,timesovo,6
780,queenscaguileravevowill,6
781,junkiesdiploseventeen,6
782,fallonj,6
783,youtubecollegehumorarcticmonkeysvevofocus,6
784,kiyokoyg,6
785,networkmike,5
786,editionjohn,5
787,spotlightsam,5
788,itlisten,5
789,lindleybritish,5
790,wibmeryoutube,5
791,citybbc,5
792,futurenow,5
793,lalondethe,5
794,mediajamie,5
795,noggintu,5
796,entertainmentmsaaliyahjaydoctorozofficial,5
797,cookinglate,5
798,swiftits,5
799,ukjohn,5
800,newscomfoo,5
801,nygaardubisoft,5
802,lianathe,5
803,morrisonfran,5
804,troyerthe,5
805,fcbeyond,5
806,trendzlily,5
807,carpetdc,5
808,rainmakerentertainment,5
809,walesgarrett,5
810,singsjen,5
811,meninja,5
812,campbelllinkin,5
813,parkkandee,5
814,johnsonytn,5
815,ainadomino,5
816,recording,5
817,원더케이green,5
818,daychris,5
819,linethe,5
820,meyersワーナー,5
821,channelthe,5
822,vertthe,5
823,guyvoxofficial,5
824,americathe,5
825,jane50to01,5
826,petschdinah,5
827,laytonestée,5
828,lalondebon,5
829,hayesjeremy,5
830,paulthe,5
831,vlogsequal,5
832,cohena24muselkmichelle,5
833,visagethe,5
834,gearplaystationmanicstpreachersvevofahd,5
835,productionsexplosmentertainmentthe,5
836,1pro,5
837,avocadomizzy,5
838,stardj,5
839,earwormamelia,5
840,lianadoddlevloggledaily,5
841,bszavevosunset,5
842,akkadthe,5
843,musicstar,5
844,frontcardi,5
845,tubenbaspeak,5
846,molyneuxangryjoeshowmorezoellapointlessblogvlogsjadensmithvevocbbcthe,5
847,musictop,5
848,entertainmentvoca,5
849,merobhad,5
850,wirewiredbuild,5
851,earthbad,5
852,ellabythe,5
853,entertainmentwinneridr,5
854,picturesginobileeehthe,5
855,wolfsaturday,5
856,livesylo,5
857,fletchereasy,5
858,alliescbs,5
859,bennettslaymeclarkson,5
860,tvvoca,5
861,demarcorandytaylor69danisnotinterestingvoguescreen,5
862,discowarner,5
863,pictureslord,5
864,duosacconejolysbbc,5
865,alliancemac,5
866,ponsijustinethe,5
867,gamespresident,5
868,wilsontrap,5
869,원더케이secureteam10kaguya,5
870,officiallil,5
871,tracyplayoverwatchlsnathan,5
872,seasonscole,5
873,reviewse,5
874,meredithhappyface,5
875,scotlandkelly,5
876,liparussell,5
877,laladoodlechaostroye,5
878,sivanktla,5
879,yankeejimmy,5
880,kpopthe,5
881,dexty,5
882,timesmr,5
883,avthe,5
884,nowcar,5
885,summitnfl,5
886,carti,5
887,meyerssways,5
888,moonpaweł,5
889,outfilmselect,5
890,troyerdaisy,5
891,houndandrew,5
892,lowea,5
893,warsjake,5
894,tvmarc,5
895,chopyeovil,5
896,historianjandora,5
897,newsmtv,5
898,ukriskycblil,5
899,andersonredlettermediaaboogie,5
900,ramosmmschocolatejayparkofficialthe,5
901,everythingthatcherjoelip,5
902,historianwatch,5
903,stuarthbomberguyphilip,5
904,fallonsony,5
905,mediacharlie,5
906,puthkylieminogueonvevoamazonpabllo,5
907,ballingerlegendarybuzzfeedvideojheneaikovevomorgan,5
908,ellistheoffcamerashowcnnbleecker,5
909,promosrob,5
910,gifaboogie,5
911,picturesbbc,5
912,luccojypentertainmentshesezshakiravevorudimentalrooster,5
913,fallonmikey,5
914,cinziamovieclips,5
915,mediableecker,5
916,carpetlucas,5
917,kpopalessohbogreat,5
918,promoshalseyvevorob,5
919,puthamazonpabllo,5
920,voicewwei,5
921,barcelonadisney,5
922,burrdemilovatovevobad,5
923,stuckmannlauvbill,5
924,soundrickrossvevobbc,5
925,lianajohn,5
926,kitchenhistorystar,5
927,warsmgmtvevouniversal,5
928,monáebbc,5
929,puthamazonbazzipabllo,5
930,podcast88risingreboot,5
931,codeワーナー,5
932,martinageniusjamesbayvevodrakevevocomedy,5
933,usyourmoviesucksdotorgkhalidvevodisney,5
934,descendantschainsmokersvevojayrockvevojenny,5
935,picturesdemilovatovevobad,5
936,recordsmigosvevowiredmaroon5vevomikey,5
937,liveworldstarhiphopjustintimberlakevevohalseyvevotv,5
938,ramsaystarshiptvstar,5
939,warsswish,5
940,newsfleur,5
941,uschainsmokersvevodisney,5
942,louisebbc,5
943,englishmannfljoshx713mnet,5
944,97asian,5
945,spidertyler,5
946,cabellomark,5
947,ордынскийmarziaptxofficialgggmanliveswoollimentdjsnakevevojanelle,5
948,reporterbon,5
949,technologylily,5
950,cohenmarvel,5
951,97real,5
952,toastedcalpurniawatch,5
953,dutygames,5
954,trailersstar,5
955,mancusohamilton,5
956,musicalgreat,5
957,sportjordan,5
958,brightfleur,5
959,friendssortedfoodtrippiereddvevododdleoddle88risinglsktwice,5
960,公式チャンネルmlg,5
961,discounreal,5
962,livekelly,5
963,deruloyearsandyearsvevovisionary,5
964,cordensuperduperkyleatlantic,5
965,entertainmenttoptenswalequeensstoneagevevogameanimecjenmmusic,5
966,cordenellewarner,5
967,kpopkmusicnerdisteurovision,5
968,channeltrixie,5
969,williamsmike,5
970,guyseventeenpatricia,5
971,internationalh3h3productionscamilacabellovevojustdestinycalumscottvevobbcradio1vevodjkhaledvevoyearsandyearsvevochloexhallevevovisionary,5
972,warsgood,5
973,newsarcticmonkeysvevobeats,5
974,bbc,5
975,ramenkygoofficialvevohermusicvevohopeanimationgrandsonvevocobra,5
976,livetrllate,5
977,meyersmeek,5
978,tvwinnerlindsay,5
979,prosinging,5
980,minaja24breakfast,5
981,thugzaynvevonickiminajatvevoflorencemachinevevomalumavevonicki,5
982,musicquinton,5
983,burgermoviebobdisneypixarnapalm,5
984,recordsanti,5
985,fmbigboytvjason,5
986,ellis20th,5
987,creatorgracevanderwaalvevoszavevoty,5
988,ignqueen,5
989,naijawill,5
990,deruloflow,5
991,boystorymaxjohnlegendvevowalrusriderjenny,5
992,livenbc,5
993,moviesmtownignoramuskycomplexmnet,5
994,durkkylieminogueonvevo2chainzvevomike,5
995,millaaronsanimalsscreen,5
996,underwoodpat,5
997,scurekbbc,5
998,promostbsespnmovieaccesstrailerstwice,5
999,mancusoibighiteminemvevofuturevevowinnerthe,5
